,gauge_id,geol_1st_class,glim_1st_class_frac,geol_2nd_class,glim_2nd_class_frac,carbonate_rocks_frac,geol_porostiy,geol_permeability
0,1013500,Siliciclastic sedimentary rocks,0.815904447,Basic volcanic rocks,0.179729452,0,0.1714,-14.7019
1,1022500,Acid plutonic rocks,0.590658159,Siliciclastic sedimentary rocks,0.16461821,0,0.071,-14.2138
2,1030500,Siliciclastic sedimentary rocks,0.573305401,Metamorphics,0.287010006,0.052140094,0.1178,-14.4918
3,1031500,Siliciclastic sedimentary rocks,0.448927859,Metamorphics,0.443862824,0.026257979,0.0747,-14.841
4,1047000,Metamorphics,0.308488044,Acid plutonic rocks,0.288612546,0,0.0522,-14.4819
5,1052500,Siliciclastic sedimentary rocks,0.497458334,Metamorphics,0.374061697,0,0.0711,-15.1658
6,1054200,Metamorphics,0.871442778,Siliciclastic sedimentary rocks,0.104295203,0,0.0288,-14.2147
7,1055000,Siliciclastic sedimentary rocks,0.680843374,Metamorphics,0.168363153,0,0.1455,-14.3578
8,1057000,Metamorphics,0.45111062,Acid plutonic rocks,0.409240382,0.077433416,0.0251,-13.9903
9,1073000,Metamorphics,0.943375195,Acid plutonic rocks,0.056624805,0,0.01,-14.1
10,1078000,Acid plutonic rocks,0.535649719,Metamorphics,0.45879018,0,0.011,-14.1061
11,1118300,Acid plutonic rocks,0.759567143,Metamorphics,0.240432857,0,0.01,-14.1
12,1121000,Metamorphics,1,,0,0,0.01,-14.1
13,1123000,Metamorphics,1,,0,0,0.01,-14.1
14,1134500,Metamorphics,0.622420642,Acid plutonic rocks,0.369333602,0,0.0109,-14.1198
15,1137500,Acid plutonic rocks,0.791579905,Metamorphics,0.198146816,0,0.01,-14.1
16,1139000,Carbonate sedimentary rocks,0.521678757,Acid plutonic rocks,0.28685176,0.521678757,0.0371,-12.922
17,1139800,Carbonate sedimentary rocks,1,,0,1,0.06,-11.8
18,1142500,Carbonate sedimentary rocks,0.764501415,Metamorphics,0.097958317,0.764501415,0.0585,-12.5655
19,1144000,Metamorphics,0.663469278,Carbonate sedimentary rocks,0.32370672,0.32370672,0.0273,-13.3802
20,1162500,Acid plutonic rocks,0.796052854,Metamorphics,0.203947146,0,0.01,-14.1
21,1169000,Metamorphics,0.894390473,Siliciclastic sedimentary rocks,0.085917661,0.019691865,0.0204,-14.2609
22,1170100,Metamorphics,0.538440037,Carbonate sedimentary rocks,0.318774098,0.318774098,0.0416,-13.7095
23,1181000,Metamorphics,0.824255288,Acid plutonic rocks,0.165247557,0.002995176,0.0112,-14.1061
24,1187300,Siliciclastic sedimentary rocks,0.709479264,Acid plutonic rocks,0.143617008,0,0.1377,-14.8804
25,1195100,Metamorphics,1,,0,0,0.01,-14.1
26,1333000,Metamorphics,0.663358494,Carbonate sedimentary rocks,0.312362724,0.312362724,0.0302,-13.3765
27,1350000,Siliciclastic sedimentary rocks,0.999449793,Water bodies,0.000550207,0,0.1897,-15.2049
28,1350080,Siliciclastic sedimentary rocks,0.997652206,Water bodies,0.002347794,0,0.1802,-15.3774
29,1350140,Siliciclastic sedimentary rocks,0.99789302,Water bodies,0.00210698,0,0.1573,-15.8034
30,1365000,Siliciclastic sedimentary rocks,1,,0,0,0.19,-15.2
31,1411300,Unconsolidated sediments,1,,0,0,0.22,-13
32,1413500,Siliciclastic sedimentary rocks,0.999905875,Water bodies,9.41E-05,0,0.19,-15.1998
33,1414500,Siliciclastic sedimentary rocks,1,,0,0,0.19,-15.2
34,1415000,Siliciclastic sedimentary rocks,1,,0,0,0.19,-15.2
35,1423000,Siliciclastic sedimentary rocks,0.999860586,Water bodies,0.000139414,0,0.19,-15.1997
36,1434025,Siliciclastic sedimentary rocks,1,,0,0,0.19,-15.2
37,1435000,Siliciclastic sedimentary rocks,0.999775793,Water bodies,0.000224207,0,0.19,-15.1995
38,1439500,Siliciclastic sedimentary rocks,0.998798736,Mixed sedimentary rocks,0.001201264,0,0.1848,-15.2772
39,1440000,Siliciclastic sedimentary rocks,0.84416667,Carbonate sedimentary rocks,0.149521985,0.149521985,0.1826,-14.227
40,1440400,Siliciclastic sedimentary rocks,1,,0,0,0.1997,-14.8732
41,1451800,Siliciclastic sedimentary rocks,0.99718807,Carbonate sedimentary rocks,0.00281193,0.00281193,0.134,-16.2182
42,1466500,Unconsolidated sediments,1,,0,0,0.22,-13
43,1484100,Unconsolidated sediments,1,,0,0,0.22,-13
44,1485500,Unconsolidated sediments,1,,0,0,0.28,-10.9
45,1486000,Unconsolidated sediments,1,,0,0,0.28,-10.9
46,1487000,Unconsolidated sediments,1,,0,0,0.22,-13
47,1491000,Unconsolidated sediments,1,,0,0,0.2365,-12.4235
48,1510000,Mixed sedimentary rocks,0.836519364,Siliciclastic sedimentary rocks,0.091472928,0.072007708,0.1221,-16.0426
49,1516500,Siliciclastic sedimentary rocks,1,,0,0,0.1734,-15.4207
50,1518862,Siliciclastic sedimentary rocks,1,,0,0,0.1615,-15.7286
51,1532000,Siliciclastic sedimentary rocks,1,,0,0,0.1949,-14.736
52,1539000,Siliciclastic sedimentary rocks,1,,0,0,0.1661,-15.5264
53,1542810,Siliciclastic sedimentary rocks,1,,0,0,0.1953,-15.0206
54,1543000,Siliciclastic sedimentary rocks,1,,0,0,0.2067,-14.6131
55,1543500,Siliciclastic sedimentary rocks,1,,0,0,0.2146,-14.3537
56,1544500,Siliciclastic sedimentary rocks,1,,0,0,0.1897,-15.1862
57,1545600,Siliciclastic sedimentary rocks,1,,0,0,0.2206,-14.1559
58,1547700,Siliciclastic sedimentary rocks,0.99702473,Carbonate sedimentary rocks,0.00297527,0.00297527,0.1826,-15.1697
59,1548500,Siliciclastic sedimentary rocks,1,,0,0,0.2004,-14.8083
60,1549500,Siliciclastic sedimentary rocks,1,,0,0,0.1958,-15.0026
61,1550000,Siliciclastic sedimentary rocks,1,,0,0,0.2116,-14.3602
62,1552000,Siliciclastic sedimentary rocks,1,,0,0,0.2093,-14.4365
63,1552500,Siliciclastic sedimentary rocks,1,,0,0,0.1948,-15.0374
64,1557500,Siliciclastic sedimentary rocks,0.926013295,Carbonate sedimentary rocks,0.045960106,0.045960106,0.1592,-15.272
65,1567500,Siliciclastic sedimentary rocks,0.551590719,Carbonate sedimentary rocks,0.225621091,0.225621091,0.1141,-14.897
66,1568000,Siliciclastic sedimentary rocks,0.531926571,Mixed sedimentary rocks,0.21264211,0.113782284,0.1027,-15.5296
67,1580000,Metamorphics,0.99973384,Basic plutonic rocks,0.00026616,0,0.01,-14.1
68,1583500,Metamorphics,0.829405457,Carbonate sedimentary rocks,0.168434279,0.168434279,0.019,-13.7057
69,1586610,Metamorphics,0.96190093,Basic volcanic rocks,0.03809907,0,0.013,-14.039
70,1591400,Metamorphics,0.993616014,Basic plutonic rocks,0.006383986,0,0.01,-14.1
71,1594950,Siliciclastic sedimentary rocks,1,,0,0,0.1321,-16.2759
72,1596500,Siliciclastic sedimentary rocks,1,,0,0,0.1762,-15.2383
73,1605500,Siliciclastic sedimentary rocks,0.642279562,Mixed sedimentary rocks,0.192518711,0.165201728,0.1845,-13.8824
74,1606500,Siliciclastic sedimentary rocks,0.653422514,Carbonate sedimentary rocks,0.218157716,0.218157716,0.1651,-14.1648
75,1613050,Siliciclastic sedimentary rocks,1,,0,0,0.1863,-15.2693
76,1620500,Siliciclastic sedimentary rocks,1,,0,0,0.15,-15.9424
77,1632000,Siliciclastic sedimentary rocks,0.90437461,Mixed sedimentary rocks,0.081565788,0.014059601,0.1627,-15.5394
78,1632900,Carbonate sedimentary rocks,0.600787375,Siliciclastic sedimentary rocks,0.390739777,0.600787375,0.118,-12.9503
79,1634500,Siliciclastic sedimentary rocks,0.763323565,Mixed sedimentary rocks,0.226186983,0.010489452,0.1807,-15.0288
80,1638480,Acid plutonic rocks,0.585641247,Metamorphics,0.215729591,0.003584036,0.0249,-13.8061
81,1639500,Metamorphics,0.625398344,Siliciclastic sedimentary rocks,0.270791138,0.018835001,0.0692,-14.1274
82,1644000,Acid plutonic rocks,0.551756052,Basic volcanic rocks,0.20708413,0.001868922,0.0357,-13.7579
83,1658500,Metamorphics,0.570399229,Siliciclastic sedimentary rocks,0.429600771,0,0.1217,-13.4126
84,1664000,Metamorphics,0.526435603,Acid plutonic rocks,0.205444346,0.00052622,0.036,-13.969
85,1666500,Metamorphics,0.41986408,Siliciclastic sedimentary rocks,0.296386458,0.004718195,0.0668,-14.2526
86,1667500,Metamorphics,0.342850107,Siliciclastic sedimentary rocks,0.308524044,0.001812215,0.0758,-14.1348
87,1669000,Unconsolidated sediments,1,,0,0,0.22,-13
88,1669520,Unconsolidated sediments,1,,0,0,0.2364,-12.4147
89,2011400,Siliciclastic sedimentary rocks,0.602931222,Mixed sedimentary rocks,0.388764827,0.007490792,0.1903,-14.6756
90,2011460,Siliciclastic sedimentary rocks,0.907235232,Mixed sedimentary rocks,0.088540339,0,0.1663,-15.5249
91,2013000,Siliciclastic sedimentary rocks,0.845477711,Mixed sedimentary rocks,0.095278403,0.059243885,0.166,-15.1955
92,2014000,Siliciclastic sedimentary rocks,0.806181307,Mixed sedimentary rocks,0.185444754,0.00837394,0.1647,-15.4203
93,2015700,Siliciclastic sedimentary rocks,0.552382368,Mixed sedimentary rocks,0.446256331,0.001293206,0.1998,-14.4666
94,2016000,Siliciclastic sedimentary rocks,0.747767083,Mixed sedimentary rocks,0.251907257,0.000309371,0.1715,-15.2353
95,2017500,Siliciclastic sedimentary rocks,0.691671969,Mixed sedimentary rocks,0.294438551,0.013889479,0.1698,-15.1362
96,2018000,Siliciclastic sedimentary rocks,0.757566645,Mixed sedimentary rocks,0.224710923,0.017722432,0.1626,-15.3324
97,2027000,Metamorphics,0.520770536,Acid plutonic rocks,0.4210604,0,0.0128,-14.0448
98,2027500,Acid plutonic rocks,0.621209557,Metamorphics,0.324502575,0,0.01,-14.1
99,2028500,Metamorphics,0.604543415,Basic volcanic rocks,0.210707796,0,0.0271,-13.7687
100,2038850,Siliciclastic sedimentary rocks,0.77835889,Metamorphics,0.154838599,0,0.0996,-15.8882
101,2046000,Metamorphics,0.699590219,Acid plutonic rocks,0.255354174,0,0.0146,-14.046
102,2051000,Metamorphics,0.891577847,Acid plutonic rocks,0.092990049,0,0.01,-14.1
103,2051500,Metamorphics,0.581439835,Acid plutonic rocks,0.346672892,0,0.0114,-14.0727
104,2053200,Unconsolidated sediments,0.984255625,Siliciclastic sedimentary rocks,0.015744375,0,0.2195,-13.0346
105,2053800,Metamorphics,0.480013578,Siliciclastic sedimentary rocks,0.326611716,0.072988938,0.0496,-14.716
106,2055100,Carbonate sedimentary rocks,0.711894666,Siliciclastic sedimentary rocks,0.233162934,0.711894666,0.0855,-12.9343
107,2056900,Metamorphics,0.874492841,Acid plutonic rocks,0.074466072,0,0.015,-14.1418
108,2059500,Metamorphics,0.742918756,Siliciclastic sedimentary rocks,0.204644009,0.004100861,0.0333,-14.5692
109,2064000,Metamorphics,0.666461879,Siliciclastic sedimentary rocks,0.330859415,0,0.0533,-14.7619
110,2065500,Acid volcanic rocks,0.341042016,Acid plutonic rocks,0.315779325,0,0.065,-14.1599
111,2069700,Metamorphics,0.644601984,Acid plutonic rocks,0.17997613,0,0.0293,-14.521
112,2070000,Metamorphics,0.750307915,Acid plutonic rocks,0.130250962,0,0.0154,-14.2184
113,2074500,Metamorphics,0.849477169,Siliciclastic sedimentary rocks,0.086398852,0,0.0312,-14.0036
114,2077200,Metamorphics,1,,0,0,0.01,-14.1
115,2081500,Metamorphics,0.814531673,Siliciclastic sedimentary rocks,0.178727035,0,0.0507,-14.0159
116,2082950,Metamorphics,0.663425716,Acid plutonic rocks,0.254623017,0,0.0267,-14.0079
117,2092500,Unconsolidated sediments,0.617161542,Carbonate sedimentary rocks,0.382838458,0.382838458,0.1587,-12.5406
118,2096846,Metamorphics,0.810392128,Intermediate volcanic rocks,0.189607872,0,0.0252,-13.7966
119,2102908,Unconsolidated sediments,0.984697843,Siliciclastic sedimentary rocks,0.015302157,0,0.2786,-10.9658
120,2108000,Unconsolidated sediments,0.931107646,Carbonate sedimentary rocks,0.068892354,0.068892354,0.209,-12.9173
121,2111180,Metamorphics,1,,0,0,0.01,-14.1
122,2111500,Metamorphics,1,,0,0,0.01,-14.1
123,2112120,Metamorphics,0.829655125,Acid plutonic rocks,0.170344875,0,0.01,-14.1
124,2112360,Metamorphics,1,,0,0,0.01,-14.1
125,2118500,Metamorphics,1,,0,0,0.01,-14.1
126,2125000,Siliciclastic sedimentary rocks,0.615394974,Metamorphics,0.384605026,0,0.1208,-14.7769
127,2128000,Metamorphics,0.85369037,Siliciclastic sedimentary rocks,0.14630963,0,0.0363,-14.2609
128,2137727,Metamorphics,0.997922128,Siliciclastic sedimentary rocks,0.002077872,0,0.0104,-14.1023
129,2140991,Metamorphics,0.958175752,Acid plutonic rocks,0.041824248,0,0.01,-14.1
130,2143000,Metamorphics,1,,0,0,0.01,-14.1
131,2143040,Metamorphics,1,,0,0,0.01,-14.1
132,2149000,Metamorphics,1,,0,0,0.01,-14.1
133,2152100,Metamorphics,1,,0,0,0.01,-14.1
134,2177000,Metamorphics,0.901321256,Acid plutonic rocks,0.094337872,0,0.01,-14.1
135,2178400,Metamorphics,0.957112234,Acid plutonic rocks,0.03627646,0,0.0101,-14.0994
136,2193340,Metamorphics,0.654942347,Acid plutonic rocks,0.345057653,0,0.01,-14.1
137,2196000,Metamorphics,0.820199338,Acid plutonic rocks,0.137584165,0,0.0141,-14.0784
138,2198100,Siliciclastic sedimentary rocks,1,,0,0,0.19,-15.2
139,2202600,Unconsolidated sediments,0.757862547,Siliciclastic sedimentary rocks,0.241220036,0,0.2323,-12.847
140,2212600,Metamorphics,0.876013615,Basic plutonic rocks,0.121695451,0,0.01,-14.1
141,2215100,Carbonate sedimentary rocks,0.717558453,Unconsolidated sediments,0.183771706,0.717558453,0.0894,-12.5398
142,2216180,Siliciclastic sedimentary rocks,1,,0,0,0.19,-15.2
143,2221525,Metamorphics,0.998437365,Water bodies,0.001060997,0,0.0102,-14.0988
144,2231000,Unconsolidated sediments,0.93911029,Siliciclastic sedimentary rocks,0.060707547,0,0.2217,-13.0101
145,2231342,Unconsolidated sediments,0.987820947,Carbonate sedimentary rocks,0.012179053,0.012179053,0.2181,-12.9854
146,2235200,Unconsolidated sediments,1,,0,0,0.22,-13
147,2245500,Unconsolidated sediments,1,,0,0,0.22,-13
148,2246000,Unconsolidated sediments,1,,0,0,0.22,-13
149,2296500,Unconsolidated sediments,0.919545868,Siliciclastic sedimentary rocks,0.080454132,0,0.2675,-11.431
150,2297155,Unconsolidated sediments,0.967831721,Siliciclastic sedimentary rocks,0.032168279,0,0.219,-13.0708
151,2297310,Siliciclastic sedimentary rocks,0.596948711,Unconsolidated sediments,0.403051289,0,0.2021,-14.3133
152,2298123,Carbonate sedimentary rocks,0.614796827,Unconsolidated sediments,0.356563631,0.614796827,0.1313,-11.9556
153,2298608,Unconsolidated sediments,0.9727527,Siliciclastic sedimentary rocks,0.0272473,0,0.2192,-13.0599
154,2299950,Unconsolidated sediments,1,,0,0,0.22,-13
155,2300700,Unconsolidated sediments,0.701885393,Siliciclastic sedimentary rocks,0.290839797,0.007274809,0.2101,-13.6311
156,2310947,Unconsolidated sediments,0.858097778,Carbonate sedimentary rocks,0.141902222,0.141902222,0.2462,-11.1176
157,2312200,Unconsolidated sediments,0.510069567,Carbonate sedimentary rocks,0.489930433,0.489930433,0.169,-11.4552
158,2314500,Unconsolidated sediments,0.999496119,Water bodies,0.000503881,0,0.2543,-11.7986
159,2315500,Unconsolidated sediments,0.866708418,Siliciclastic sedimentary rocks,0.132503555,0,0.2452,-12.269
160,2324400,Unconsolidated sediments,1,,0,0,0.22,-13
161,2327100,Unconsolidated sediments,0.970085267,Carbonate sedimentary rocks,0.029914733,0.029914733,0.2152,-12.9641
162,2342933,Unconsolidated sediments,0.987847403,Mixed sedimentary rocks,0.012152597,0,0.2272,-12.7573
163,2349900,Carbonate sedimentary rocks,0.86670626,Siliciclastic sedimentary rocks,0.132749353,0.86670626,0.0773,-12.2525
164,2350900,Unconsolidated sediments,0.911789317,Siliciclastic sedimentary rocks,0.076778876,0.010165332,0.2325,-12.5837
165,2361000,Unconsolidated sediments,0.724140834,Siliciclastic sedimentary rocks,0.21960592,0,0.1628,-14.2703
166,2363000,Unconsolidated sediments,0.998605882,Siliciclastic sedimentary rocks,0.001393744,0,0.2022,-13.169
167,2369800,Unconsolidated sediments,1,,0,0,0.22,-13
168,2371500,Unconsolidated sediments,0.980385221,Carbonate sedimentary rocks,0.011947483,0.011947483,0.2036,-13.1163
169,2372250,Unconsolidated sediments,0.984187427,Carbonate sedimentary rocks,0.015812573,0.015812573,0.2051,-12.9898
170,2374500,Unconsolidated sediments,0.71570938,Mixed sedimentary rocks,0.201239554,0,0.209,-13.6157
171,2381600,Metamorphics,1,,0,0,0.01,-14.1
172,2384540,Siliciclastic sedimentary rocks,1,,0,0,0.12,-16.5
173,2395120,Carbonate sedimentary rocks,0.528965418,Mixed sedimentary rocks,0.296315101,0.528965418,0.1005,-13.7867
174,2408540,Metamorphics,0.938780327,Acid plutonic rocks,0.047666342,0,0.0114,-14.0771
175,2415000,Metamorphics,0.899083116,Acid plutonic rocks,0.095760354,0,0.0104,-14.0917
176,2422500,Unconsolidated sediments,0.95501181,Metamorphics,0.026231841,0,0.2241,-12.7146
177,2427250,Unconsolidated sediments,0.998631606,Siliciclastic sedimentary rocks,0.00135857,9.82E-06,0.1718,-13.6538
178,2430085,Unconsolidated sediments,1,,0,0,0.22,-13
179,2430615,Unconsolidated sediments,1,,0,0,0.22,-13
180,2450250,Siliciclastic sedimentary rocks,0.84987311,Carbonate sedimentary rocks,0.150117891,0.150117891,0.1705,-14.6896
181,2464000,Siliciclastic sedimentary rocks,0.778522124,Unconsolidated sediments,0.221477876,0,0.1421,-15.7248
182,2464146,Unconsolidated sediments,0.63412164,Siliciclastic sedimentary rocks,0.36587836,0,0.1834,-14.2806
183,2464360,Unconsolidated sediments,0.745173159,Siliciclastic sedimentary rocks,0.254826841,0,0.1945,-13.8919
184,2465493,Unconsolidated sediments,1,,0,0,0.232,-12.5809
185,2469800,Unconsolidated sediments,0.865019347,Siliciclastic sedimentary rocks,0.134980653,0,0.209,-13.3145
186,2472000,Unconsolidated sediments,0.903489166,Carbonate sedimentary rocks,0.096510834,0.096510834,0.2287,-12.0405
187,2472500,Unconsolidated sediments,1,,0,0,0.2487,-11.9951
188,2479155,Unconsolidated sediments,1,,0,0,0.2585,-11.6529
189,2479300,Unconsolidated sediments,1,,0,0,0.2367,-12.4162
190,2479560,Unconsolidated sediments,1,,0,0,0.2379,-12.3745
191,2481000,Unconsolidated sediments,1,,0,0,0.2428,-12.2024
192,2481510,Unconsolidated sediments,1,,0,0,0.2518,-11.8855
193,3010655,Siliciclastic sedimentary rocks,1,,0,0,0.1893,-15.1986
194,3011800,Siliciclastic sedimentary rocks,1,,0,0,0.2501,-13.1728
195,3015500,Siliciclastic sedimentary rocks,1,,0,0,0.175,-15.466
196,3021350,Siliciclastic sedimentary rocks,0.999982314,Water bodies,1.77E-05,0,0.1276,-16.3597
197,3026500,Siliciclastic sedimentary rocks,1,,0,0,0.2212,-14.1475
198,3028000,Siliciclastic sedimentary rocks,1,,0,0,0.2278,-13.925
199,3049000,Siliciclastic sedimentary rocks,1,,0,0,0.1909,-15.1617
200,3049800,Siliciclastic sedimentary rocks,1,,0,0,0.1451,-16.0333
201,3050000,Siliciclastic sedimentary rocks,0.87226261,Unconsolidated sediments,0.072551287,0.055186104,0.1797,-14.9513
202,3066000,Siliciclastic sedimentary rocks,0.679580695,Carbonate sedimentary rocks,0.320419305,0.320419305,0.1388,-14.2876
203,3069500,Siliciclastic sedimentary rocks,0.859052474,Carbonate sedimentary rocks,0.138111209,0.138111209,0.168,-14.8012
204,3070500,Siliciclastic sedimentary rocks,0.998165405,Carbonate sedimentary rocks,0.001834595,0.001834595,0.1809,-15.2815
205,3076600,Siliciclastic sedimentary rocks,1,,0,0,0.1923,-14.6633
206,3078000,Siliciclastic sedimentary rocks,1,,0,0,0.148,-15.9667
207,3140000,Siliciclastic sedimentary rocks,1,,0,0,0.12,-16.5
208,3144000,Siliciclastic sedimentary rocks,1,,0,0,0.1337,-16.1342
209,3159540,Siliciclastic sedimentary rocks,1,,0,0,0.12,-16.5
210,3161000,Metamorphics,1,,0,0,0.01,-14.1
211,3164000,Metamorphics,0.720980819,Acid plutonic rocks,0.200737153,0,0.0225,-14.0123
212,3165000,Metamorphics,0.691696042,Siliciclastic sedimentary rocks,0.308303958,0,0.0439,-14.8399
213,3170000,Metamorphics,0.820654484,Siliciclastic sedimentary rocks,0.174657729,0.004687787,0.0363,-14.3792
214,3173000,Siliciclastic sedimentary rocks,0.751739745,Carbonate sedimentary rocks,0.174389914,0.174389914,0.129,-15.3197
215,3180500,Siliciclastic sedimentary rocks,0.978574043,Carbonate sedimentary rocks,0.021425957,0.021425957,0.187,-15.1304
216,3182500,Siliciclastic sedimentary rocks,0.866232228,Carbonate sedimentary rocks,0.096810833,0.096810833,0.1711,-14.9304
217,3186500,Siliciclastic sedimentary rocks,1,,0,0,0.19,-15.2
218,3187500,Siliciclastic sedimentary rocks,0.982591209,Unconsolidated sediments,0.017408791,0,0.1905,-15.1617
219,3213700,Siliciclastic sedimentary rocks,0.984140621,Mixed sedimentary rocks,0.010590112,0.005269266,0.1735,-15.4761
220,3237280,Siliciclastic sedimentary rocks,0.991472146,Carbonate sedimentary rocks,0.008527854,0.008527854,0.122,-16.4139
221,3237500,Mixed sedimentary rocks,0.646418702,Carbonate sedimentary rocks,0.215456675,0.215456675,0.1088,-15.4558
222,3238500,Mixed sedimentary rocks,0.663552978,Carbonate sedimentary rocks,0.336447022,0.336447022,0.0998,-14.9187
223,3241500,Carbonate sedimentary rocks,0.871500921,Mixed sedimentary rocks,0.128499079,0.871500921,0.0677,-12.4039
224,3280700,Siliciclastic sedimentary rocks,1,,0,0,0.1743,-15.4907
225,3281100,Siliciclastic sedimentary rocks,0.988201352,Unconsolidated sediments,0.011798648,0,0.1317,-16.2624
226,3281500,Siliciclastic sedimentary rocks,0.990075438,Unconsolidated sediments,0.009924562,0,0.1378,-16.1537
227,3285000,Carbonate sedimentary rocks,0.51865783,Siliciclastic sedimentary rocks,0.292415735,0.51865783,0.0949,-13.9498
228,3291780,Carbonate sedimentary rocks,1,,0,1,0.06,-11.8
229,3300400,Mixed sedimentary rocks,0.796357745,Carbonate sedimentary rocks,0.195243528,0.195243528,0.1084,-15.5792
230,3338780,Siliciclastic sedimentary rocks,0.674635434,Mixed sedimentary rocks,0.231254233,0.094110334,0.1608,-15.1955
231,3340800,Mixed sedimentary rocks,0.980283729,Carbonate sedimentary rocks,0.016787956,0.016787956,0.1192,-16.4173
232,3346000,Siliciclastic sedimentary rocks,0.5886516,Carbonate sedimentary rocks,0.398747228,0.398747228,0.1373,-13.8606
233,3357350,Mixed sedimentary rocks,0.918497811,Carbonate sedimentary rocks,0.081502189,0.081502189,0.1151,-16.1169
234,3364500,Carbonate sedimentary rocks,1,,0,1,0.06,-11.8
235,3366500,Carbonate sedimentary rocks,0.857377771,Siliciclastic sedimentary rocks,0.142622229,0.857377771,0.0686,-12.4703
236,3368000,Carbonate sedimentary rocks,1,,0,1,0.06,-11.8
237,3384450,Siliciclastic sedimentary rocks,1,,0,0,0.19,-15.2
238,3439000,Metamorphics,0.647692785,Acid plutonic rocks,0.352307215,0,0.01,-14.1
239,3450000,Metamorphics,1,,0,0,0.01,-14.1
240,3455500,Metamorphics,1,,0,0,0.01,-14.1
241,3456500,Metamorphics,1,,0,0,0.01,-14.1
242,3460000,Metamorphics,0.802664552,Siliciclastic sedimentary rocks,0.197335448,0,0.0607,-13.8009
243,3463300,Metamorphics,1,,0,0,0.01,-14.1
244,3471500,Siliciclastic sedimentary rocks,0.615496265,Carbonate sedimentary rocks,0.384503735,0.384503735,0.1484,-13.5244
245,3473000,Siliciclastic sedimentary rocks,0.444259241,Carbonate sedimentary rocks,0.311902362,0.311902362,0.1169,-13.4257
246,3479000,Metamorphics,0.950998809,Acid plutonic rocks,0.049001191,0,0.01,-14.1
247,3488000,Siliciclastic sedimentary rocks,0.698636812,Carbonate sedimentary rocks,0.181587267,0.181587267,0.1347,-15.1605
248,3498500,Siliciclastic sedimentary rocks,0.589742111,Carbonate sedimentary rocks,0.205910183,0.205910183,0.1434,-14.6682
249,3500000,Metamorphics,0.800032571,Acid plutonic rocks,0.195822063,0,0.01,-14.1
250,3500240,Metamorphics,1,,0,0,0.01,-14.1
251,3504000,Metamorphics,1,,0,0,0.01,-14.1
252,3574500,Carbonate sedimentary rocks,0.529630567,Siliciclastic sedimentary rocks,0.335608397,0.529630567,0.1252,-13.0532
253,3592718,Unconsolidated sediments,1,,0,0,0.2274,-12.7422
254,3604000,Siliciclastic sedimentary rocks,0.752180992,Carbonate sedimentary rocks,0.219200661,0.219200661,0.1097,-15.3696
255,4015330,Basic volcanic rocks,0.660215291,Basic plutonic rocks,0.339693694,0,0.0628,-13.0436
256,4024430,Siliciclastic sedimentary rocks,0.640746401,Basic volcanic rocks,0.316238335,0,0.1771,-13.3583
257,4027000,Siliciclastic sedimentary rocks,0.349075277,Basic volcanic rocks,0.220100736,0,0.0963,-13.9437
258,4040500,Siliciclastic sedimentary rocks,0.812453269,Metamorphics,0.187546731,0,0.1442,-15.2173
259,4043050,Basic volcanic rocks,0.629131442,Siliciclastic sedimentary rocks,0.370868558,0,0.1271,-13.5013
260,4045500,Carbonate sedimentary rocks,0.693629564,Siliciclastic sedimentary rocks,0.253162857,0.693629564,0.0797,-13.215
261,4056500,Carbonate sedimentary rocks,0.757852576,Siliciclastic sedimentary rocks,0.183082225,0.757852576,0.0767,-12.8981
262,4057510,Carbonate sedimentary rocks,0.757626868,Siliciclastic sedimentary rocks,0.241890267,0.757626868,0.0745,-12.9392
263,4057800,Metamorphics,0.768265979,Siliciclastic sedimentary rocks,0.231734021,0,0.0358,-14.6509
264,4059500,Siliciclastic sedimentary rocks,0.461609619,Carbonate sedimentary rocks,0.410948191,0.410948191,0.1141,-13.6525
265,4063700,Acid plutonic rocks,0.663717517,Basic volcanic rocks,0.336282483,0,0.0369,-13.5619
266,4074950,Metamorphics,0.467018502,Basic volcanic rocks,0.318967144,0,0.0426,-13.4489
267,4105700,Siliciclastic sedimentary rocks,0.760538193,Mixed sedimentary rocks,0.239461807,0,0.1634,-15.6936
268,4115265,Siliciclastic sedimentary rocks,1,,0,0,0.1501,-15.9413
269,4122200,Siliciclastic sedimentary rocks,0.908354932,Carbonate sedimentary rocks,0.091645068,0.091645068,0.1287,-15.806
270,4122500,Siliciclastic sedimentary rocks,0.893355049,Carbonate sedimentary rocks,0.089617752,0.089617752,0.1479,-15.4606
271,4124000,Siliciclastic sedimentary rocks,0.601540767,Mixed sedimentary rocks,0.379684625,0.018774608,0.1338,-16.1341
272,4127918,Carbonate sedimentary rocks,0.746355343,Siliciclastic sedimentary rocks,0.184819028,0.746355343,0.0752,-12.9921
273,4127997,Mixed sedimentary rocks,0.702763629,Carbonate sedimentary rocks,0.173302871,0.173302871,0.1117,-15.6474
274,4161580,Mixed sedimentary rocks,1,,0,0,0.12,-16.5
275,4185000,Siliciclastic sedimentary rocks,0.543398352,Mixed sedimentary rocks,0.456601648,0,0.1254,-16.4001
276,4196800,Carbonate sedimentary rocks,1,,0,1,0.06,-11.8
277,4197100,Siliciclastic sedimentary rocks,0.672442046,Carbonate sedimentary rocks,0.202901159,0.202901159,0.1161,-15.3924
278,4197170,Carbonate sedimentary rocks,0.756871055,Mixed sedimentary rocks,0.12744233,0.756871055,0.0746,-12.9427
279,4213000,Siliciclastic sedimentary rocks,1,,0,0,0.1779,-15.4256
280,4213075,Siliciclastic sedimentary rocks,1,,0,0,0.1513,-15.9184
281,4216418,Siliciclastic sedimentary rocks,0.989053228,Mixed sedimentary rocks,0.00598384,0,0.1351,-16.2122
282,4221000,Siliciclastic sedimentary rocks,1,,0,0,0.1431,-16.0641
283,4224775,Siliciclastic sedimentary rocks,1,,0,0,0.1338,-16.2436
284,4233000,Siliciclastic sedimentary rocks,0.833838326,Mixed sedimentary rocks,0.166161674,0,0.1204,-16.4933
285,4256000,Metamorphics,0.808323503,Unconsolidated sediments,0.178433422,0,0.0475,-13.9037
286,4296000,Carbonate sedimentary rocks,0.66455034,Metamorphics,0.194729913,0.66455034,0.0512,-12.7163
287,5056000,Unconsolidated sediments,0.98486429,Siliciclastic sedimentary rocks,0.010946697,0,0.1698,-13.5543
288,5057000,Unconsolidated sediments,0.973592738,Siliciclastic sedimentary rocks,0.023194023,0,0.1678,-13.6233
289,5057200,Unconsolidated sediments,0.998473905,Water bodies,0.001526095,0,0.1707,-13.5073
290,5062500,Acid plutonic rocks,0.59695588,Basic volcanic rocks,0.252261129,0,0.0376,-13.7416
291,5087500,Metamorphics,0.371331009,Intermediate plutonic rocks,0.255913435,0,0.0489,-13.7523
292,5120500,Unconsolidated sediments,0.99840264,Water bodies,0.00159736,0,0.1598,-13.7671
293,5123400,Unconsolidated sediments,0.999838202,Mixed sedimentary rocks,0.000161798,0,0.1617,-13.7206
294,5129115,Metamorphics,0.66509675,Acid plutonic rocks,0.130206867,0,0.0345,-14.0593
295,5131500,Metamorphics,0.411344669,Siliciclastic sedimentary rocks,0.26920387,0,0.0649,-14.2673
296,5291000,Unconsolidated sediments,1,,0,0,0.1537,-13.9127
297,5362000,Metamorphics,0.58603391,Basic volcanic rocks,0.280269299,0,0.0336,-13.6393
298,5393500,Metamorphics,0.999959951,Basic plutonic rocks,4.00E-05,0,0.01,-14.1
299,5399500,Acid plutonic rocks,0.429866037,Metamorphics,0.367219417,0,0.0365,-13.7795
300,5408000,Mixed sedimentary rocks,0.5552032,Carbonate sedimentary rocks,0.4447968,0.4447968,0.1766,-12.1886
301,5412500,Carbonate sedimentary rocks,0.701516318,Mixed sedimentary rocks,0.298483682,0.701516318,0.0779,-13.2029
302,5413500,Carbonate sedimentary rocks,0.641304725,Mixed sedimentary rocks,0.358695275,0.641304725,0.1353,-12.0511
303,5414000,Carbonate sedimentary rocks,0.691278596,Mixed sedimentary rocks,0.308721404,0.691278596,0.1248,-12.0161
304,5444000,Carbonate sedimentary rocks,0.853354193,Mixed sedimentary rocks,0.146645807,0.853354193,0.0798,-12.1966
305,5454000,Carbonate sedimentary rocks,1,,0,1,0.06,-11.8
306,5458000,Carbonate sedimentary rocks,0.985233705,Siliciclastic sedimentary rocks,0.014766295,0.985233705,0.0609,-11.8694
307,5466500,Siliciclastic sedimentary rocks,0.640842668,Mixed sedimentary rocks,0.326072191,0.033085141,0.1614,-15.5393
308,5487980,Siliciclastic sedimentary rocks,0.46550471,Mixed sedimentary rocks,0.405559763,0.128935527,0.1172,-15.8028
309,5488200,Siliciclastic sedimentary rocks,0.97914726,Mixed sedimentary rocks,0.02085274,0,0.12,-16.5
310,5489000,Siliciclastic sedimentary rocks,0.971476003,Mixed sedimentary rocks,0.024189797,0.0043342,0.1198,-16.4793
311,5495000,Siliciclastic sedimentary rocks,0.80010241,Carbonate sedimentary rocks,0.198942186,0.198942186,0.1081,-15.5626
312,5495500,Carbonate sedimentary rocks,0.789407745,Mixed sedimentary rocks,0.171894983,0.789407745,0.0753,-12.7395
313,5501000,Carbonate sedimentary rocks,0.904773216,Siliciclastic sedimentary rocks,0.095226784,0.904773216,0.0725,-12.1192
314,5503800,Siliciclastic sedimentary rocks,0.898008967,Carbonate sedimentary rocks,0.101991033,0.101991033,0.1767,-14.8532
315,5507600,Carbonate sedimentary rocks,0.829122636,Siliciclastic sedimentary rocks,0.170877364,0.829122636,0.0822,-12.381
316,5508805,Carbonate sedimentary rocks,0.667366078,Siliciclastic sedimentary rocks,0.332633922,0.667366078,0.1032,-12.931
317,5514500,Carbonate sedimentary rocks,0.749627204,Siliciclastic sedimentary rocks,0.250372796,0.749627204,0.0925,-12.6513
318,5525500,Carbonate sedimentary rocks,0.482991085,Siliciclastic sedimentary rocks,0.266622441,0.482991085,0.1047,-13.975
319,5556500,Carbonate sedimentary rocks,0.529542439,Mixed sedimentary rocks,0.283591024,0.529542439,0.1214,-13.2329
320,5584500,Carbonate sedimentary rocks,0.538811438,Siliciclastic sedimentary rocks,0.24107117,0.538811438,0.1045,-13.6542
321,5585000,Carbonate sedimentary rocks,0.444550623,Mixed sedimentary rocks,0.304943044,0.444550623,0.1109,-14.085
322,5591550,Siliciclastic sedimentary rocks,1,,0,0,0.19,-15.2
323,5592050,Siliciclastic sedimentary rocks,1,,0,0,0.19,-15.2
324,5592575,Siliciclastic sedimentary rocks,1,,0,0,0.19,-15.2
325,5593575,Carbonate sedimentary rocks,0.765769749,Siliciclastic sedimentary rocks,0.234230251,0.765769749,0.0904,-12.5964
326,5593900,Carbonate sedimentary rocks,0.997612074,Siliciclastic sedimentary rocks,0.002387926,0.997612074,0.0603,-11.8081
327,5595730,Carbonate sedimentary rocks,0.74921814,Siliciclastic sedimentary rocks,0.25078186,0.74921814,0.0926,-12.6527
328,6037500,Acid volcanic rocks,0.846379264,Unconsolidated sediments,0.148046387,0.000232934,0.154,-12.7442
329,6043500,Siliciclastic sedimentary rocks,0.296662379,Metamorphics,0.254057985,0.094635753,0.1012,-14.4232
330,6154410,Carbonate sedimentary rocks,0.428846907,Intermediate plutonic rocks,0.319297843,0.428846907,0.0611,-13.3545
331,6188000,Intermediate volcanic rocks,0.551447748,Unconsolidated sediments,0.191990405,0.094751311,0.1079,-12.674
332,6191500,Intermediate volcanic rocks,0.384368285,Unconsolidated sediments,0.204852646,0.032999195,0.1396,-12.9291
333,6221400,Metamorphics,0.379169733,Acid plutonic rocks,0.331293877,0.09414874,,-14.1412
334,6224000,Metamorphics,0.529861228,Acid plutonic rocks,0.369166123,0.036195498,,-14.1064
335,6278300,Acid plutonic rocks,0.946108017,Unconsolidated sediments,0.040543134,0,0.0185,-14.0554
336,6280300,Siliciclastic sedimentary rocks,0.786648963,Unconsolidated sediments,0.091292912,0,0.1387,-13.6275
337,6289000,Carbonate sedimentary rocks,0.758824248,Unconsolidated sediments,0.113743703,0.758824248,0.0918,-12.1444
338,6291500,Carbonate sedimentary rocks,0.406809581,Siliciclastic sedimentary rocks,0.313970051,0.406809581,0.1249,-13.8996
339,6311000,Metamorphics,0.790209981,Siliciclastic sedimentary rocks,0.190001973,0.019788046,0.0442,-14.2821
340,6332515,Unconsolidated sediments,0.991565075,Siliciclastic sedimentary rocks,0.008434925,0,0.2179,-13.0452
341,6339100,Unconsolidated sediments,0.989231232,Siliciclastic sedimentary rocks,0.010768768,0,0.2197,-13.0237
342,6339500,Unconsolidated sediments,0.969931536,Siliciclastic sedimentary rocks,0.029973733,0,0.2074,-13.2317
343,6344600,Unconsolidated sediments,0.983098076,Siliciclastic sedimentary rocks,0.016901924,0,0.2195,-13.0372
344,6350000,Unconsolidated sediments,0.986190485,Siliciclastic sedimentary rocks,0.013778058,0,0.2194,-13.0304
345,6352000,Unconsolidated sediments,0.99866778,Mixed sedimentary rocks,0.000828,0,0.2206,-12.9728
346,6353000,Unconsolidated sediments,0.946747545,Siliciclastic sedimentary rocks,0.05282618,0,0.2167,-13.1298
347,6354000,Unconsolidated sediments,0.972454321,Siliciclastic sedimentary rocks,0.027205088,0,0.2176,-13.0703
348,6360500,Siliciclastic sedimentary rocks,0.876742856,Unconsolidated sediments,0.123257144,0,0.1657,-15.4093
349,6404000,Metamorphics,0.656873993,Acid plutonic rocks,0.30957675,0,0.0133,-14.0612
350,6406000,Metamorphics,0.452560596,Siliciclastic sedimentary rocks,0.26327007,0.060469622,0.0619,-14.3357
351,6408700,Carbonate sedimentary rocks,0.83954939,Metamorphics,0.102309855,0.83954939,0.0624,-12.233
352,6409000,Carbonate sedimentary rocks,0.764987789,Siliciclastic sedimentary rocks,0.160183659,0.764987789,0.0789,-12.5115
353,6431500,Carbonate sedimentary rocks,0.62267214,Siliciclastic sedimentary rocks,0.28730534,0.62267214,0.1,-12.9291
354,6440200,Siliciclastic sedimentary rocks,0.826251057,Unconsolidated sediments,0.173748943,0,0.1299,-15.9866
355,6441500,Siliciclastic sedimentary rocks,0.528819029,Unconsolidated sediments,0.471180971,0,0.1525,-15.0168
356,6447000,Siliciclastic sedimentary rocks,0.622884602,Unconsolidated sediments,0.359520079,0.014297076,0.166,-14.9252
357,6447500,Siliciclastic sedimentary rocks,0.576928127,Unconsolidated sediments,0.423071873,0,0.1975,-14.3476
358,6450500,Siliciclastic sedimentary rocks,0.571683432,Unconsolidated sediments,0.428316568,0,0.1862,-14.5376
359,6452000,Siliciclastic sedimentary rocks,0.534894113,Unconsolidated sediments,0.452043971,0.009632808,0.1592,-14.9098
360,6453600,Siliciclastic sedimentary rocks,0.856611247,Unconsolidated sediments,0.139850145,0.003538608,0.1554,-15.5719
361,6464500,Siliciclastic sedimentary rocks,0.793660427,Unconsolidated sediments,0.206339573,0,0.1892,-14.8514
362,6468170,Unconsolidated sediments,0.997758901,Water bodies,0.002241099,0,0.1609,-13.7404
363,6468250,Unconsolidated sediments,0.997372185,Water bodies,0.002627815,0,0.1667,-13.6027
364,6470800,Unconsolidated sediments,0.99991464,Siliciclastic sedimentary rocks,8.54E-05,0,0.1641,-13.6636
365,6477500,Unconsolidated sediments,0.998987911,Siliciclastic sedimentary rocks,0.001012089,0,0.1503,-13.9939
366,6479215,Unconsolidated sediments,1,,0,0,0.1826,-13.2286
367,6479438,Unconsolidated sediments,1,,0,0,0.1666,-13.6154
368,6601000,Mixed sedimentary rocks,0.580802768,Siliciclastic sedimentary rocks,0.419197232,0,0.1493,-15.955
369,6614800,Pyroclastics,0.414421762,Intermediate volcanic rocks,0.382188345,0,0.0799,-13.1665
370,6622700,Siliciclastic sedimentary rocks,0.449417764,Unconsolidated sediments,0.313920978,0.006001171,0.1571,-14.2348
371,6623800,Metamorphics,0.50872775,Unconsolidated sediments,0.264267381,0,0.0689,-13.8248
372,6632400,Unconsolidated sediments,0.570014457,Metamorphics,0.307428497,0,0.1383,-13.54
373,6746095,Metamorphics,0.629691718,Intermediate volcanic rocks,0.273352086,0,0.0522,-13.556
374,6784000,Siliciclastic sedimentary rocks,1,,0,0,0.19,-15.2
375,6803510,Siliciclastic sedimentary rocks,1,,0,0,0.19,-15.2
376,6803530,Siliciclastic sedimentary rocks,1,,0,0,0.19,-15.2
377,6814000,Mixed sedimentary rocks,0.576491053,Unconsolidated sediments,0.235154511,0.044336658,0.1515,-15.2504
378,6847900,Unconsolidated sediments,0.885004736,Mixed sedimentary rocks,0.114995264,0,0.1723,-13.6252
379,6853800,Unconsolidated sediments,0.847415211,Mixed sedimentary rocks,0.144516132,0.00404778,0.1658,-13.8726
380,6876700,Unconsolidated sediments,0.3150403,Carbonate sedimentary rocks,0.287128157,0.287128157,0.1256,-14.044
381,6878000,Siliciclastic sedimentary rocks,0.476195556,Mixed sedimentary rocks,0.404491854,0,0.1474,-15.7131
382,6879650,Carbonate sedimentary rocks,0.587737799,Mixed sedimentary rocks,0.412262201,0.587737799,0.0847,-13.7376
383,6885500,Unconsolidated sediments,0.893184205,Mixed sedimentary rocks,0.055663461,0.051152334,0.2062,-13.0409
384,6888500,Mixed sedimentary rocks,0.471248842,Carbonate sedimentary rocks,0.399676375,0.399676375,0.113,-14.0259
385,6889200,Unconsolidated sediments,0.518782144,Mixed sedimentary rocks,0.287030592,0.164813592,0.1715,-13.6113
386,6889500,Unconsolidated sediments,0.663276991,Mixed sedimentary rocks,0.191737498,0.089596309,0.1933,-13.3897
387,6892000,Unconsolidated sediments,0.644589259,Carbonate sedimentary rocks,0.252337964,0.252337964,0.1814,-12.7532
388,6903400,Mixed sedimentary rocks,0.966432636,Siliciclastic sedimentary rocks,0.033567364,0,0.1207,-16.4877
389,6906800,Carbonate sedimentary rocks,0.59709109,Siliciclastic sedimentary rocks,0.40290891,0.59709109,0.1224,-12.6822
390,6910800,Mixed sedimentary rocks,0.497347356,Siliciclastic sedimentary rocks,0.260393635,0.172422728,0.1391,-14.96
391,6911900,Siliciclastic sedimentary rocks,0.486761989,Mixed sedimentary rocks,0.358689335,0.064014109,0.1647,-15.0593
392,6917000,Carbonate sedimentary rocks,0.639892897,Mixed sedimentary rocks,0.171589943,0.639892897,0.0999,-13.0012
393,6918460,Carbonate sedimentary rocks,0.829175357,Siliciclastic sedimentary rocks,0.170824643,0.829175357,0.0809,-12.3177
394,6919500,Siliciclastic sedimentary rocks,0.560554501,Carbonate sedimentary rocks,0.439445499,0.439445499,0.096,-14.382
395,6921070,Carbonate sedimentary rocks,0.991134088,Siliciclastic sedimentary rocks,0.008865912,0.991134088,0.0619,-11.8062
396,6921200,Carbonate sedimentary rocks,1,,0,1,0.06,-11.8
397,6934000,Carbonate sedimentary rocks,0.926072991,Siliciclastic sedimentary rocks,0.06094731,0.926072991,0.0736,-11.9044
398,7014500,Carbonate sedimentary rocks,0.532724008,Siliciclastic sedimentary rocks,0.446994684,0.532724008,0.1551,-12.2049
399,7056000,Siliciclastic sedimentary rocks,0.656472311,Carbonate sedimentary rocks,0.282174135,0.282174135,0.158,-14.0789
400,7057500,Carbonate sedimentary rocks,0.998044239,Siliciclastic sedimentary rocks,0.001955761,0.998044239,0.0604,-11.8017
401,7060710,Carbonate sedimentary rocks,0.857283609,Mixed sedimentary rocks,0.137040424,0.857283609,0.0892,-11.9212
402,7066000,Carbonate sedimentary rocks,0.636085187,Siliciclastic sedimentary rocks,0.363914813,0.636085187,0.1364,-12.055
403,7067000,Carbonate sedimentary rocks,0.527255314,Siliciclastic sedimentary rocks,0.462033271,0.527255314,0.1573,-12.131
404,7068000,Siliciclastic sedimentary rocks,0.515031667,Carbonate sedimentary rocks,0.476526145,0.476526145,0.1684,-12.1665
405,7071500,Siliciclastic sedimentary rocks,0.562480836,Carbonate sedimentary rocks,0.437519164,0.437519164,0.1781,-12.1937
406,7083000,Metamorphics,0.503876589,Unconsolidated sediments,0.260678092,0,0.0668,-13.7463
407,7142300,Unconsolidated sediments,1,,0,0,0.2413,-11.8217
408,7145700,Unconsolidated sediments,0.785666986,Mixed sedimentary rocks,0.214333014,0,0.1679,-13.9559
409,7148400,Siliciclastic sedimentary rocks,0.635407556,Unconsolidated sediments,0.352252051,0,0.205,-14.0603
410,7149000,Unconsolidated sediments,0.510868516,Siliciclastic sedimentary rocks,0.489131484,0,0.2115,-13.5872
411,7151500,Unconsolidated sediments,0.838132029,Mixed sedimentary rocks,0.082847201,0,0.2333,-12.3308
412,7167500,Siliciclastic sedimentary rocks,0.569290597,Mixed sedimentary rocks,0.329712541,0.065657368,0.1616,-15.2534
413,7180500,Mixed sedimentary rocks,0.938857852,Unconsolidated sediments,0.061142148,0,0.1298,-16.1576
414,7184000,Mixed sedimentary rocks,0.571479007,Siliciclastic sedimentary rocks,0.321433977,0,0.1596,-15.4824
415,7195800,Carbonate sedimentary rocks,1,,0,1,0.06,-11.8
416,7196900,Siliciclastic sedimentary rocks,0.855397573,Carbonate sedimentary rocks,0.144602427,0.144602427,0.1712,-14.7084
417,7197000,Carbonate sedimentary rocks,0.694359968,Siliciclastic sedimentary rocks,0.237036629,0.694359968,0.1026,-12.6616
418,7208500,Metamorphics,0.476946042,Basic volcanic rocks,0.395246096,0.018139314,0.0624,-13.4318
419,7226500,Unconsolidated sediments,0.516803976,Siliciclastic sedimentary rocks,0.347497629,6.48E-05,0.2054,-13.2545
420,7261000,Siliciclastic sedimentary rocks,1,,0,0,0.19,-15.2
421,7263295,Siliciclastic sedimentary rocks,1,,0,0,0.19,-15.2
422,7290650,Unconsolidated sediments,1,,0,0,0.2756,-11.0545
423,7291000,Unconsolidated sediments,1,,0,0,0.2522,-11.8728
424,7292500,Unconsolidated sediments,1,,0,0,0.2429,-12.1976
425,7295000,Unconsolidated sediments,1,,0,0,0.2365,-12.4216
426,7299670,Siliciclastic sedimentary rocks,0.921041771,Unconsolidated sediments,0.078958229,0,0.1303,-16.1798
427,7301410,Unconsolidated sediments,0.995404801,Mixed sedimentary rocks,0.004595199,0,0.2198,-13.0112
428,7301500,Unconsolidated sediments,0.819016678,Siliciclastic sedimentary rocks,0.114868091,0,0.2127,-13.3382
429,7315200,Siliciclastic sedimentary rocks,0.973307669,Unconsolidated sediments,0.026692331,0,0.1908,-15.1413
430,7315700,Siliciclastic sedimentary rocks,0.787573082,Unconsolidated sediments,0.212052896,0,0.2194,-13.9493
431,7335700,Siliciclastic sedimentary rocks,0.863935518,Unconsolidated sediments,0.136064482,0,0.1991,-14.7247
432,7340300,Siliciclastic sedimentary rocks,1,,0,0,0.1669,-15.6284
433,7346045,Siliciclastic sedimentary rocks,0.758757598,Unconsolidated sediments,0.241242402,0,0.1971,-14.6716
434,7359610,Siliciclastic sedimentary rocks,0.766005964,Mixed sedimentary rocks,0.233994036,0,0.1447,-16.042
435,7362100,Unconsolidated sediments,1,,0,0,0.22,-13
436,7362587,Siliciclastic sedimentary rocks,1,,0,0,0.19,-15.2
437,7373000,Unconsolidated sediments,0.999545109,Siliciclastic sedimentary rocks,0.000454891,0,0.1582,-13.8823
438,7375000,Unconsolidated sediments,1,,0,0,0.165,-13.7861
439,7376000,Unconsolidated sediments,1,,0,0,0.1996,-12.9582
440,8013000,Unconsolidated sediments,0.851996579,Siliciclastic sedimentary rocks,0.148003421,0,0.1728,-13.9362
441,8014500,Unconsolidated sediments,0.871207039,Siliciclastic sedimentary rocks,0.128792961,0,0.1715,-13.9215
442,8023080,Unconsolidated sediments,1,,0,0,0.2167,-13.0466
443,8025500,Unconsolidated sediments,0.794952998,Siliciclastic sedimentary rocks,0.203210853,0,0.1929,-13.5444
444,8029500,Unconsolidated sediments,1,,0,0,0.1819,-13.5446
445,8050800,Siliciclastic sedimentary rocks,0.989332418,Unconsolidated sediments,0.010667582,0,0.1903,-15.1765
446,8066200,Unconsolidated sediments,0.922242528,Siliciclastic sedimentary rocks,0.077757472,0,0.2104,-13.2746
447,8066300,Unconsolidated sediments,1,,0,0,0.1861,-13.4839
448,8070000,Unconsolidated sediments,1,,0,0,0.1825,-13.5354
449,8070200,Unconsolidated sediments,1,,0,0,0.188,-13.4571
450,8079600,Unconsolidated sediments,0.862654504,Mixed sedimentary rocks,0.131013799,0.003292132,0.2054,-13.4623
451,8082700,Siliciclastic sedimentary rocks,0.682641529,Unconsolidated sediments,0.317358471,0,0.208,-14.2036
452,8086212,Siliciclastic sedimentary rocks,0.515138271,Mixed sedimentary rocks,0.348853577,0.004929139,0.1434,-15.8201
453,8086290,Siliciclastic sedimentary rocks,0.888562124,Unconsolidated sediments,0.103508795,0.004479712,0.19,-14.9995
454,8101000,Mixed sedimentary rocks,0.952544517,Unconsolidated sediments,0.044999398,0.002456084,0.1678,-15.173
455,8103900,Mixed sedimentary rocks,1,,0,0,0.2289,-13.5955
456,8104900,Mixed sedimentary rocks,0.62644437,Carbonate sedimentary rocks,0.340699753,0.340699753,0.1216,-14.2839
457,8109700,Siliciclastic sedimentary rocks,0.544236219,Unconsolidated sediments,0.455504441,0,0.207,-14.084
458,8150800,Carbonate sedimentary rocks,0.812705264,Unconsolidated sediments,0.079543336,0.812705264,0.0837,-12.0426
459,8155200,Carbonate sedimentary rocks,1,,0,1,0.06,-11.8
460,8158700,Carbonate sedimentary rocks,0.970592134,Unconsolidated sediments,0.029407866,0.970592134,0.0647,-11.8353
461,8158810,Carbonate sedimentary rocks,1,,0,1,0.06,-11.8
462,8164000,Unconsolidated sediments,0.865545353,Siliciclastic sedimentary rocks,0.134454647,0,0.2061,-13.4365
463,8164300,Unconsolidated sediments,0.81998783,Siliciclastic sedimentary rocks,0.18001217,0,0.2141,-13.403
464,8164600,Unconsolidated sediments,1,,0,0,0.2157,-13.0614
465,8165300,Carbonate sedimentary rocks,1,,0,1,0.06,-11.8
466,8171300,Carbonate sedimentary rocks,0.836617954,Unconsolidated sediments,0.142618824,0.836617954,0.0841,-12.0681
467,8175000,Unconsolidated sediments,0.595371975,Siliciclastic sedimentary rocks,0.404628025,0,0.209,-13.7901
468,8176900,Unconsolidated sediments,0.891776156,Siliciclastic sedimentary rocks,0.108223844,0,0.2165,-13.2419
469,8178880,Carbonate sedimentary rocks,0.984755694,Unconsolidated sediments,0.015244306,0.984755694,0.0624,-11.8183
470,8189500,Unconsolidated sediments,0.985153093,Siliciclastic sedimentary rocks,0.014766283,0,0.2195,-13.0338
471,8190000,Carbonate sedimentary rocks,0.924281045,Unconsolidated sediments,0.075718955,0.924281045,0.0721,-11.8909
472,8190500,Carbonate sedimentary rocks,0.977785639,Unconsolidated sediments,0.021340207,0.977785639,0.0635,-11.8297
473,8194200,Unconsolidated sediments,0.986886616,Siliciclastic sedimentary rocks,0.010586689,0,0.2195,-13.0266
474,8195000,Carbonate sedimentary rocks,0.925547329,Unconsolidated sediments,0.074452671,0.925547329,0.0719,-11.8893
475,8196000,Carbonate sedimentary rocks,0.978856151,Unconsolidated sediments,0.021143849,0.978856151,0.0634,-11.8254
476,8198500,Carbonate sedimentary rocks,0.721963336,Unconsolidated sediments,0.274831199,0.721963336,0.1102,-11.9231
477,8200000,Carbonate sedimentary rocks,0.933477049,Unconsolidated sediments,0.066522951,0.933477049,0.0706,-11.8798
478,8202700,Carbonate sedimentary rocks,0.799089852,Unconsolidated sediments,0.182647252,0.799089852,0.0973,-11.8593
479,8267500,Intermediate plutonic rocks,0.450870606,Basic volcanic rocks,0.395061641,0,0.0676,-13.3318
480,8269000,Mixed sedimentary rocks,0.821486045,Intermediate plutonic rocks,0.116105234,0,0.1655,-14.9532
481,8271000,Intermediate plutonic rocks,0.697291565,Basic volcanic rocks,0.104056891,0,0.0425,-13.8495
482,8324000,Acid volcanic rocks,0.392756876,Carbonate sedimentary rocks,0.123077032,0.123077032,0.1076,-12.8974
483,8377900,Mixed sedimentary rocks,0.402551345,Intermediate plutonic rocks,0.223185057,0.201264136,0.0976,-14.0443
484,8378500,Mixed sedimentary rocks,0.56297235,Carbonate sedimentary rocks,0.176136439,0.176136439,0.1226,-14.2476
485,8380500,Carbonate sedimentary rocks,0.409077025,Intermediate plutonic rocks,0.266122763,0.409077025,0.07,-13.0611
486,9034900,Acid plutonic rocks,1,,0,0,0.01,-14.1
487,9035800,Metamorphics,0.72135332,Acid plutonic rocks,0.150496421,0,0.0369,-13.959
488,9035900,Metamorphics,0.808648146,Acid plutonic rocks,0.173549964,0,0.0211,-14.0417
489,9047700,Metamorphics,0.994983379,Unconsolidated sediments,0.005016621,0,0.0111,-14.0945
490,9065500,Acid plutonic rocks,0.975723134,Siliciclastic sedimentary rocks,0.023871044,0,0.0163,-14.0614
491,9066000,Siliciclastic sedimentary rocks,0.674766018,Acid plutonic rocks,0.147768029,0,0.1965,-12.9834
492,9066200,Acid plutonic rocks,0.592263527,Siliciclastic sedimentary rocks,0.295952872,0.031718203,0.0948,-13.4797
493,9066300,Siliciclastic sedimentary rocks,0.679595912,Acid plutonic rocks,0.265672491,0,0.1949,-13.0611
494,9081600,Siliciclastic sedimentary rocks,0.761483061,Intermediate volcanic rocks,0.141776674,0.01856767,0.1693,-14.5073
495,9107000,Acid plutonic rocks,0.441886751,Unconsolidated sediments,0.359982507,0.038362235,0.066,-13.6265
496,9210500,Siliciclastic sedimentary rocks,0.543918099,Unconsolidated sediments,0.210531675,0.046047787,0.1751,-14.7974
497,9223000,Siliciclastic sedimentary rocks,0.579143383,Mixed sedimentary rocks,0.347384314,0.018853934,0.1879,-14.9409
498,9306242,Siliciclastic sedimentary rocks,0.999028023,Unconsolidated sediments,0.000971977,0,0.1579,-15.7937
499,9312600,Mixed sedimentary rocks,0.891046601,Siliciclastic sedimentary rocks,0.066479109,0,0.1289,-16.2648
500,9352900,Metamorphics,0.570075355,Acid plutonic rocks,0.339744457,0.038449389,0.0242,-13.9404
501,9378170,Siliciclastic sedimentary rocks,0.42920704,Intermediate plutonic rocks,0.289288388,0,0.1464,-14.2625
502,9378630,Siliciclastic sedimentary rocks,0.810585093,Intermediate plutonic rocks,0.186890731,0,0.1564,-14.9889
503,9386900,Siliciclastic sedimentary rocks,0.534335711,Mixed sedimentary rocks,0.205776201,0.164153093,0.1755,-13.7243
504,9404450,Carbonate sedimentary rocks,0.52244766,Siliciclastic sedimentary rocks,0.456504086,0.52244766,0.1053,-13.6472
505,9430500,Basic volcanic rocks,0.396461641,Siliciclastic sedimentary rocks,0.226634456,0,0.137,-12.6397
506,9430600,Acid volcanic rocks,0.437927364,Pyroclastics,0.383187789,0,0.0917,-12.6916
507,9447800,Acid volcanic rocks,0.463665047,Siliciclastic sedimentary rocks,0.460729745,0.029189548,0.175,-12.4731
508,9480000,Siliciclastic sedimentary rocks,0.594635116,Acid volcanic rocks,0.149261118,0.00154695,0.2222,-12.3046
509,9484000,Acid plutonic rocks,0.875276958,Metamorphics,0.102037252,0,0.0149,-14.0855
510,9484600,Siliciclastic sedimentary rocks,0.705469103,Acid plutonic rocks,0.09645842,0.057423151,0.2172,-12.6202
511,9492400,Acid volcanic rocks,0.843137129,Siliciclastic sedimentary rocks,0.103926719,0,0.1087,-12.5
512,9494000,Siliciclastic sedimentary rocks,0.413211081,Basic volcanic rocks,0.330815029,0,0.1492,-13.1224
513,9497800,Siliciclastic sedimentary rocks,0.885671662,Carbonate sedimentary rocks,0.090729259,0.090729259,0.1898,-14.4479
514,9497980,Mixed sedimentary rocks,0.468334753,Basic volcanic rocks,0.192886118,0,0.198,-12.8268
515,9505200,Basic volcanic rocks,0.948838824,Carbonate sedimentary rocks,0.037230483,0.037230483,0.089,-12.4769
516,9505350,Basic volcanic rocks,0.784032435,Siliciclastic sedimentary rocks,0.173257454,0.042710111,0.1065,-12.9241
517,9505800,Basic volcanic rocks,0.643723069,Carbonate sedimentary rocks,0.319065846,0.319065846,0.0871,-12.2767
518,9508300,Acid plutonic rocks,0.587929104,Basic volcanic rocks,0.226174796,0,0.0366,-13.7643
519,9510200,Acid plutonic rocks,0.562894269,Metamorphics,0.148393239,0,0.058,-13.6381
520,9512280,Basic volcanic rocks,0.542420677,Metamorphics,0.366248027,0,0.0689,-13.1369
521,9513780,Basic volcanic rocks,0.46383705,Acid plutonic rocks,0.255104346,0,0.0518,-13.2672
522,10023000,Siliciclastic sedimentary rocks,0.83717208,Carbonate sedimentary rocks,0.085509027,0.085509027,0.2482,-12.4788
523,10166430,Unconsolidated sediments,0.570636493,Water bodies,0.190016279,0.073212893,0.2082,-12.9477
524,10172700,Unconsolidated sediments,0.555234665,Siliciclastic sedimentary rocks,0.323367534,0.043957852,0.2116,-12.9729
525,10172800,Unconsolidated sediments,0.36350592,Carbonate sedimentary rocks,0.187684505,0.187684505,0.1938,-12.6177
526,10173450,Acid volcanic rocks,0.43976044,Basic volcanic rocks,0.298075363,0.024252649,0.0916,-12.4998
527,10205030,Siliciclastic sedimentary rocks,0.524116931,Carbonate sedimentary rocks,0.460370319,0.460370319,0.1306,-13.6006
528,10234500,Pyroclastics,0.709549585,Siliciclastic sedimentary rocks,0.163466479,0,0.1403,-12.904
529,10242000,Siliciclastic sedimentary rocks,0.392344468,Pyroclastics,0.245880827,0.092511871,0.141,-13.3804
530,10244950,Carbonate sedimentary rocks,0.801314363,Mixed sedimentary rocks,0.118881609,0.801314363,0.0787,-12.461
531,10249300,Unconsolidated sediments,0.636768158,Acid volcanic rocks,0.257518142,0.002454179,0.1677,-13.0643
532,10258000,Acid plutonic rocks,0.608484444,Unconsolidated sediments,0.248758531,0,0.0622,-13.8264
533,10258500,Metamorphics,0.395718316,Acid plutonic rocks,0.369689548,0,0.0228,-14.0221
534,10259000,Acid plutonic rocks,0.665793734,Metamorphics,0.159732362,0,0.0221,-14.0366
535,10259200,Intermediate plutonic rocks,0.492424218,Acid plutonic rocks,0.38367352,0,0.0236,-14.0277
536,10263500,Unconsolidated sediments,0.458668037,Acid plutonic rocks,0.189574949,0,0.151,-13.4066
537,10310500,Acid plutonic rocks,0.923871016,Unconsolidated sediments,0.064591134,0,0.0245,-14.0105
538,10316500,Carbonate sedimentary rocks,0.913144494,Unconsolidated sediments,0.086855506,0.913144494,0.1125,-12.1935
539,10329500,Acid volcanic rocks,0.601689191,Intermediate volcanic rocks,0.135196686,0,0.1037,-12.6509
540,10336645,Acid plutonic rocks,0.62737104,Unconsolidated sediments,0.37259336,0,0.0883,-13.6901
541,10336660,Unconsolidated sediments,0.412345226,Basic volcanic rocks,0.375326987,0,0.1395,-12.9785
542,10336740,Acid plutonic rocks,0.843076604,Acid volcanic rocks,0.132965094,0,0.0226,-13.8489
543,10343500,Acid volcanic rocks,0.584213359,Unconsolidated sediments,0.415786641,0,0.1441,-12.7079
544,10348850,Unconsolidated sediments,0.476486219,Acid plutonic rocks,0.345897244,0,0.1243,-13.2917
545,10396000,Basic volcanic rocks,0.857549288,Unconsolidated sediments,0.110758726,0,0.1071,-12.5654
546,11098000,Acid plutonic rocks,0.780155008,Metamorphics,0.219844992,0,0.01,-14.1
547,11124500,Siliciclastic sedimentary rocks,0.974892617,Metamorphics,0.025107383,0,0.1937,-14.8934
548,11141280,Siliciclastic sedimentary rocks,1,,0,0,0.19,-15.2
549,11143000,Intermediate plutonic rocks,0.590677557,Metamorphics,0.183004024,0.015887961,0.0225,-14.1348
550,11148900,Siliciclastic sedimentary rocks,0.889183485,Metamorphics,0.064080735,0,0.2143,-13.5833
551,11151300,Siliciclastic sedimentary rocks,0.852613318,Unconsolidated sediments,0.066777502,0,0.1853,-14.7006
552,11162500,Siliciclastic sedimentary rocks,0.938585783,Basic volcanic rocks,0.061414217,0,0.1839,-15.0342
553,11176400,Metamorphics,0.608201576,Siliciclastic sedimentary rocks,0.391798424,0,0.0805,-14.531
554,11180500,Siliciclastic sedimentary rocks,0.857542637,Unconsolidated sediments,0.122409806,0,0.1901,-14.9086
555,11180960,Siliciclastic sedimentary rocks,1,,0,0,0.2342,-13.709
556,11224500,Siliciclastic sedimentary rocks,0.940603585,Metamorphics,0.057798139,0,0.1793,-15.1345
557,11230500,Acid plutonic rocks,0.829721832,Unconsolidated sediments,0.069982162,0,0.0749,-13.5155
558,11237500,Acid plutonic rocks,0.829271714,Unconsolidated sediments,0.154249534,0,0.0424,-13.9303
559,11253310,Siliciclastic sedimentary rocks,0.929667811,Metamorphics,0.05998482,0,0.1875,-14.8424
560,11264500,Acid plutonic rocks,0.843699417,Unconsolidated sediments,0.116410671,0,0.0425,-13.8776
561,11266500,Acid plutonic rocks,0.818612829,Unconsolidated sediments,0.146369451,0,0.1754,-13.0986
562,11274500,Siliciclastic sedimentary rocks,0.490086348,Metamorphics,0.488096989,0,0.1028,-14.6138
563,11274630,Metamorphics,0.615079984,Siliciclastic sedimentary rocks,0.36905959,0,0.0792,-14.4769
564,11284400,Siliciclastic sedimentary rocks,0.935317549,Acid volcanic rocks,0.064464301,0,0.118,-16.2416
565,11299600,Basic volcanic rocks,0.680756203,Basic plutonic rocks,0.319243797,0,0.0645,-13.0108
566,11381500,Acid volcanic rocks,0.562371619,Basic volcanic rocks,0.410628169,0,0.0936,-12.5354
567,11383500,Acid volcanic rocks,0.495935685,Basic volcanic rocks,0.489476199,0,0.092,-12.5133
568,11451100,Siliciclastic sedimentary rocks,0.971643036,Metamorphics,0.028356964,0,0.1849,-15.1688
569,11468500,Siliciclastic sedimentary rocks,0.984416976,Metamorphics,0.015583024,0,0.1872,-15.1829
570,11473900,Siliciclastic sedimentary rocks,0.575037875,Metamorphics,0.391772321,0,0.1206,-14.6914
571,11475560,Siliciclastic sedimentary rocks,1,,0,0,0.19,-15.2
572,11476600,Siliciclastic sedimentary rocks,1,,0,0,0.19,-15.2
573,11478500,Siliciclastic sedimentary rocks,0.958756582,Metamorphics,0.032623285,0,0.1844,-15.1451
574,11480390,Siliciclastic sedimentary rocks,0.962981466,Metamorphics,0.037018534,0,0.1833,-15.1593
575,11481200,Siliciclastic sedimentary rocks,0.728373096,Metamorphics,0.177443573,0,0.1609,-14.7976
576,11482500,Metamorphics,0.535060108,Siliciclastic sedimentary rocks,0.462187934,0,0.0987,-14.4222
577,11522500,Siliciclastic sedimentary rocks,0.479067102,Intermediate plutonic rocks,0.27172203,0.002438071,0.0803,-14.935
578,11523200,Basic plutonic rocks,0.822393371,Intermediate plutonic rocks,0.15481735,0,0.0148,-14.0749
579,11528700,Siliciclastic sedimentary rocks,0.711542901,Metamorphics,0.142396471,0,0.0993,-15.5936
580,11532500,Siliciclastic sedimentary rocks,0.427128498,Metamorphics,0.266985317,0,0.0715,-14.8472
581,12010000,Basic volcanic rocks,0.512397764,Siliciclastic sedimentary rocks,0.481994899,0,0.1378,-13.8104
582,12013500,Siliciclastic sedimentary rocks,0.563972915,Basic volcanic rocks,0.288717887,0,0.1655,-14.0964
583,12020000,Basic volcanic rocks,0.633707026,Siliciclastic sedimentary rocks,0.312230448,0,0.1283,-13.3701
584,12025000,Unconsolidated sediments,0.558434743,Basic volcanic rocks,0.269410786,0,0.1784,-13.2353
585,12025700,Basic volcanic rocks,0.927643128,Siliciclastic sedimentary rocks,0.072356872,0,0.0972,-12.6954
586,12035000,Unconsolidated sediments,0.645786076,Basic volcanic rocks,0.184700046,0,0.1904,-13.274
587,12040500,Siliciclastic sedimentary rocks,0.711322133,Unconsolidated sediments,0.285345252,0,0.1982,-14.5632
588,12041200,Siliciclastic sedimentary rocks,0.891995709,Unconsolidated sediments,0.108004291,0,0.1932,-14.9632
589,12043000,Siliciclastic sedimentary rocks,0.905165937,Unconsolidated sediments,0.0929798,0,0.1926,-14.9904
590,12048000,Siliciclastic sedimentary rocks,0.723004571,Basic volcanic rocks,0.276327977,0,0.1249,-13.4373
591,12054000,Siliciclastic sedimentary rocks,0.556924517,Basic volcanic rocks,0.443075483,0,0.1457,-14.0037
592,12056500,Siliciclastic sedimentary rocks,0.780961912,Basic volcanic rocks,0.219038088,0,0.1681,-14.6086
593,12073500,Siliciclastic sedimentary rocks,0.736548963,Unconsolidated sediments,0.263451037,0,0.1979,-14.6204
594,12082500,Intermediate volcanic rocks,0.349714115,Basic volcanic rocks,0.345537676,0,0.1187,-12.8654
595,12092000,Basic volcanic rocks,0.524702625,Intermediate volcanic rocks,0.180941463,0,0.1234,-13.0903
596,12095000,Basic volcanic rocks,0.518343134,Siliciclastic sedimentary rocks,0.257411973,0,0.1372,-13.3475
597,12114500,Basic volcanic rocks,0.961666887,Acid plutonic rocks,0.038333113,0,0.0869,-12.5613
598,12115000,Basic volcanic rocks,0.776200424,Acid plutonic rocks,0.131007619,0,0.086,-12.7347
599,12115500,Basic volcanic rocks,0.961099707,Unconsolidated sediments,0.038900293,0,0.0951,-12.5195
600,12117000,Basic volcanic rocks,0.716543671,Siliciclastic sedimentary rocks,0.283456329,0,0.1183,-13.2653
601,12141300,Acid plutonic rocks,0.771978118,Unconsolidated sediments,0.093860255,0,0.0458,-14.0366
602,12143600,Acid plutonic rocks,0.46959877,Intermediate volcanic rocks,0.227105082,0,0.0826,-13.7298
603,12144000,Acid plutonic rocks,0.364268296,Unconsolidated sediments,0.250573867,0,0.1078,-13.597
604,12145500,Siliciclastic sedimentary rocks,0.629844463,Intermediate volcanic rocks,0.166397686,0,0.1602,-14.2285
605,12147500,Basic volcanic rocks,0.990572771,Acid plutonic rocks,0.009354875,0,0.0893,-12.5153
606,12147600,Acid plutonic rocks,0.526342819,Basic volcanic rocks,0.335698093,0,0.0479,-13.3421
607,12167000,Siliciclastic sedimentary rocks,0.387766389,Metamorphics,0.312447853,0,0.1195,-14.2882
608,12175500,Metamorphics,0.872169631,Unconsolidated sediments,0.081492379,0,0.0505,-13.8877
609,12178100,Metamorphics,0.979336389,Unconsolidated sediments,0.020663611,0,0.0143,-14.0773
610,12186000,Metamorphics,0.546415236,Basic volcanic rocks,0.202529016,0,0.0685,-13.9296
611,12189500,Metamorphics,0.617299181,Basic volcanic rocks,0.1101699,0,0.0614,-13.8887
612,12358500,Siliciclastic sedimentary rocks,0.320226003,Metamorphics,0.310319524,0.153544319,0.1295,-14.155
613,12374250,Siliciclastic sedimentary rocks,0.998381114,Unconsolidated sediments,0.001618886,0,0.1202,-16.4943
614,12375900,Siliciclastic sedimentary rocks,0.664125849,Carbonate sedimentary rocks,0.287532873,0.287532873,0.1209,-15.8662
615,12377150,Carbonate sedimentary rocks,0.905369768,Siliciclastic sedimentary rocks,0.094630232,0.905369768,0.0655,-12.2303
616,12381400,Metamorphics,0.873094658,Carbonate sedimentary rocks,0.12669967,0.12669967,0.0503,-12.2586
617,12383500,Carbonate sedimentary rocks,0.531704687,Metamorphics,0.468295313,0.531704687,0.0485,-12.3304
618,12388400,Unconsolidated sediments,0.607998595,Basic plutonic rocks,0.392001405,0,0.1366,-13.6155
619,12390700,Siliciclastic sedimentary rocks,0.913845607,Unconsolidated sediments,0.085436799,0,0.1286,-16.1985
620,12411000,Siliciclastic sedimentary rocks,0.967198092,Unconsolidated sediments,0.032480599,0,0.1232,-16.3855
621,12414500,Metamorphics,0.513292328,Siliciclastic sedimentary rocks,0.419676916,0,0.0598,-15.0861
622,12447390,Acid plutonic rocks,1,,0,0,0.01,-14.1
623,12451000,Metamorphics,0.646455161,Acid plutonic rocks,0.303747831,0,0.0294,-13.9986
624,12488500,Intermediate volcanic rocks,0.391136993,Basic volcanic rocks,0.349854409,0,0.0846,-12.8344
625,13011500,Siliciclastic sedimentary rocks,0.416881373,Unconsolidated sediments,0.305520249,0.070533727,0.1988,-12.9643
626,13011900,Siliciclastic sedimentary rocks,0.46958894,Unconsolidated sediments,0.311441731,0.118389408,0.1794,-13.6286
627,13018300,Siliciclastic sedimentary rocks,0.357335678,Carbonate sedimentary rocks,0.303307717,0.303307717,0.1705,-13.0981
628,13023000,Siliciclastic sedimentary rocks,0.411606971,Carbonate sedimentary rocks,0.216480807,0.216480807,0.1595,-14.127
629,13083000,Siliciclastic sedimentary rocks,0.530252798,Acid volcanic rocks,0.408265314,0.020303889,0.148,-13.5201
630,13161500,Acid volcanic rocks,0.448205698,Mixed sedimentary rocks,0.273865964,0.026827158,0.1164,-13.2545
631,13235000,Acid plutonic rocks,0.960113771,Unconsolidated sediments,0.026350548,0,0.0215,-14.0367
632,13240000,Acid plutonic rocks,0.99283169,Siliciclastic sedimentary rocks,0.005772764,0,0.0113,-14.1047
633,13310700,Acid plutonic rocks,0.962844096,Unconsolidated sediments,0.036511156,0,0.0255,-14.0186
634,13313000,Acid plutonic rocks,0.841676653,Unconsolidated sediments,0.0829679,0,0.0424,-13.9304
635,13331500,Basic volcanic rocks,0.532892251,Acid plutonic rocks,0.44561017,0,0.0579,-13.1838
636,13337000,Acid plutonic rocks,0.775783018,Metamorphics,0.21534128,0,0.0122,-14.0656
637,13338500,Metamorphics,0.445057097,Acid plutonic rocks,0.289151535,0,0.0346,-13.7088
638,13340000,Acid plutonic rocks,0.571494141,Metamorphics,0.24987984,0,0.0384,-13.7311
639,13340600,Acid plutonic rocks,0.522783903,Metamorphics,0.475323525,0,0.0103,-14.101
640,14020000,Basic volcanic rocks,1,,0,0,0.09,-12.5
641,14092750,Unconsolidated sediments,0.512648683,Basic volcanic rocks,0.476468633,0,0.1754,-12.1067
642,14096850,Basic volcanic rocks,0.487027051,Unconsolidated sediments,0.221286746,0,0.1374,-12.6426
643,14137000,Basic volcanic rocks,0.725299906,Unconsolidated sediments,0.119013675,0,,-12.7777
644,14138800,Basic volcanic rocks,0.740865632,Unconsolidated sediments,0.259134368,0,0.1392,-12.0854
645,14138870,Basic volcanic rocks,0.992960298,Water bodies,0.004428295,0,0.0911,-12.498
646,14138900,Basic volcanic rocks,0.975387312,Water bodies,0.024612688,0,0.0932,-12.5123
647,14139800,Basic volcanic rocks,0.740226102,Unconsolidated sediments,0.236597755,0,0.1373,-12.184
648,14141500,Basic volcanic rocks,0.635495352,Siliciclastic sedimentary rocks,0.236594285,0,0.1377,-12.9441
649,14154500,Mixed sedimentary rocks,0.385607127,Basic volcanic rocks,0.327603924,0,0.1317,-13.7224
650,14158500,Basic volcanic rocks,0.926025671,Unconsolidated sediments,0.055067247,0,0.1029,-12.4213
651,14158790,Basic volcanic rocks,0.987830246,Acid volcanic rocks,0.012169754,0,0.09,-12.5
652,14166500,Siliciclastic sedimentary rocks,0.711292414,Unconsolidated sediments,0.203838691,0,0.1909,-14.2774
653,14182500,Basic volcanic rocks,0.85119225,Unconsolidated sediments,0.136540214,0,0.1092,-12.5041
654,14185000,Basic volcanic rocks,0.802211622,Mixed sedimentary rocks,0.137407514,0,0.1081,-12.8911
655,14185900,Basic volcanic rocks,0.956713966,Intermediate plutonic rocks,0.019186689,0,0.0905,-12.5709
656,14187000,Basic volcanic rocks,0.914412511,Mixed sedimentary rocks,0.073285813,0,0.099,-12.7001
657,14216500,Basic volcanic rocks,0.838252688,Intermediate volcanic rocks,0.161632836,0,0.09,-12.5002
658,14222500,Basic volcanic rocks,0.758171339,Intermediate volcanic rocks,0.149271317,0,0.0871,-12.6245
659,14236200,Basic volcanic rocks,0.619065082,Siliciclastic sedimentary rocks,0.221420444,0,0.1284,-13.1605
660,14301000,Siliciclastic sedimentary rocks,0.650459538,Basic volcanic rocks,0.303668649,0,0.1384,-14.6236
661,14303200,Siliciclastic sedimentary rocks,0.712490153,Basic plutonic rocks,0.263353124,0,0.1402,-14.8451
662,14305500,Siliciclastic sedimentary rocks,0.579410773,Basic volcanic rocks,0.191016711,0,0.1421,-14.2961
663,14306340,Siliciclastic sedimentary rocks,0.786551334,Basic plutonic rocks,0.213448666,0,0.1516,-14.9652
664,14306500,Siliciclastic sedimentary rocks,0.799089683,Basic volcanic rocks,0.137016334,0,0.1701,-14.6983
665,14308990,Acid plutonic rocks,0.550186356,Metamorphics,0.164955001,0,0.0252,-14.2313
666,14309500,Siliciclastic sedimentary rocks,0.863563338,Basic volcanic rocks,0.095225249,0,0.1731,-14.8976
667,14316700,Basic volcanic rocks,0.444680217,Mixed sedimentary rocks,0.373505933,0,0.1338,-13.5958
668,14325000,Siliciclastic sedimentary rocks,0.903702099,Basic plutonic rocks,0.062995518,0,0.1708,-15.1799
669,14362250,Basic volcanic rocks,0.983481199,Acid plutonic rocks,0.016518801,0,0.0887,-12.5264
670,14400000,Siliciclastic sedimentary rocks,0.6062392,Basic plutonic rocks,0.288974509,0,0.1216,-14.7163
